{
  "best_params": {
    "clf__C": 0.1,
    "clf__class_weight": "balanced",
    "clf__max_iter": 1000,
    "clf__penalty": "l2",
    "clf__solver": "lbfgs"
  },
  "best_score_mean_cv_f1": 0.8477102978413538,
  "threshold_constraints": {
    "min_precision": 0.75,
    "min_recall": 0.6,
    "tuning": {
      "threshold": 0.42025486830057934,
      "precision": 0.7733970529669454,
      "recall": 0.9739217652958877,
      "f1": 0.8621531631515599,
      "constraints_met": true
    }
  },
  "test_metrics": {
    "f1": 0.8621531631520533,
    "precision": 0.7733970529669454,
    "recall": 0.9739217652958877,
    "roc_auc": 0.9098791717801442,
    "pr_auc": 0.8077715808651075
  },
  "protected_features_excluded": [
    "education_level",
    "person_age",
    "person_gender",
    "marital_status",
    "geographic_region"
  ],
  "allowed_features_count": 23,
  "solvers": [
    "lbfgs",
    "saga"
  ],
  "C_grid": [
    0.1,
    1,
    5,
    10,
    15
  ],
  "max_iter": 1000,
  "cv_folds": 5,
  "fast_mode": false
}